{"cameraMode":{"drawMode":0,"name":"Shaded","section":"Shading Mode"},"sceneLighting":true,"audioPlay":false,"sceneViewState":{"m_AlwaysRefresh":false,"showFog":true,"showSkybox":true,"showFlares":true,"showImageEffects":true,"showParticleSystems":true,"showVisualEffectGraphs":true,"m_FxEnabled":true},"in2DMode":false,"pivot":{"x":-3.5804996490478517,"y":-8.767433166503907,"z":8.298395156860352},"rotation":{"x":-0.029390588402748109,"y":0.015586941502988339,"z":-0.00043682611430995166,"w":-0.9994632601737976},"size":49.47428512573242,"orthographic":true}